id;nome;ordem;ativa
cat-unami-combos;Combos;1;1
cat-unami-hot-rolls-kids;Hot Rolls e Kids;2;1
cat-unami-nigiri-sashimi;Sashimi;3;1
cat-unami-gunkan-joe;Gunkan;4;1
cat-unami-uramaki-hossomaki;Hossomaki;5;1
cat-unami-pratos-quentes;Pratos Quentes;6;1
cat-unami-poke-yakisoba;Poke e Yakisoba;7;1
cat-unami-especiarias;Especiarias;8;1
cat-unami-hot-doce-primavera;Hot Doce e Rolinho Primavera;9;1
cat-unami-combinados;Combinados;10;1
cat-unami-entradas-especiais;Especiais;11;1
31bbe31b-1f3f-49e3-a052-03ee3d55fcee;Uramaki;11;1
9bd42547-e205-4147-b896-94858115d8d4;Joe;12;1
60ff7300-039d-4442-a352-2584674fcba5;Nigiri;13;1
5159674c-6754-418c-9394-6f66b4764abe;Temaki;14;1
90052e1d-02a2-49fa-b047-8cab8c396dfe;Entrada;15;1
