nome;descricao;preco;categoria
Fit (12 peças+temaki);;79.9;Combinados
Popu (54 Peças);;134.9;Combinados
S/Lactose 24;10 Ura Salmão, 5 Hossomaki Salmão, 2 Gunkan Salmão, 2 Nigiri Salmão, 5 Sashimi Salmão;99.9;Combinados
Combinação sem lactose (24 peças);10 Ura Salmão, 5 Hossomaki Salmão, 2 Gunkan Salmão, 2 Nigiri Salmão, 5 Sashimi Salmão;69.9;Combos
Combo 19 peças;5 Ura Philadelphia, 5 Hossomaki Salmão, 2 Nigiri Salmão, 2 Gunkan Salmão, 5 Sashimi Salmão;69.0;Combos
Combo 29 peças;10 Ura Philadelphia, 5 Hossomaki Salmão, 2 Nigiri Salmão, 2 Nigiri Skin, 3 Gunkan Salmão, 7 Sashimi Salmão;99.9;Combos
Combo 39 peças;10 Ura Philadelphia, 10 Ura Skin, 5 Hossomaki Salmão, 2 Nigiri Salmão, 2 Nigiri Skin, 4 Gunkan Salmão, 6 Sashimi Salmão;139.9;Combos
Combo 49 peças;10 Ura Philadelphia, 10 Ura Skin, 10 Hossomaki Salmão, 3 Nigiri Salmão, 3 Nigiri Skin, 4 Gunkan Salmão, 9 Sashimi Salmão;159.9;Combos
Combo 59 peças;10 Ura Philadelphia, 10 Ura Camarão Crocante, 10 Ura Skin, 10 Hossomaki Salmão, 3 Nigiri Salmão, 3 Nigiri Skin, 4 Gunkan Salmão, 9 Sashimi Salmão;179.9;Combos
Combo Gunkan (10 peças);2 Gunkan Salmão, 2 Gunkan Atum, 2 Gunkan Peixe Branco, 2 Gunkan Salmão Brie, 2 Gunkan Salmão Mel Picante;44.9;Combos
Combo Nigiri (12 peças);2 Nigiri Salmão, 2 Nigiri Atum, 2 Nigiri Camarão, 2 Nigiri Polvo, 2 Nigiri Peixe Branco, 2 Nigiri Skin;49.9;Combos
Combo Umami (45 peças);10 Uramaki Philadelphia, 4 Joe Ebi, 4 Joe Shimeji, 4 Joe Crispy Alho-Poró, 4 Joe Tostado, 4 Nigiri Salmão Hara, 10 Sashimi Salmão, 5 Sashimi Atum;249.5;Combos
Especiarias (9 peças);Salmão Hara, Atum Shimeji Tamago, Vieira, Saboroso, Haddock, Polvo, Karubina, Enguia, Salmão Tostado;59.0;Combos
Kit (12 peças + Temaki);5 Ura Philadelphia, 5 Sashimi Salmão, 2 Gunkan Salmão, 1 Temaki;79.9;Combos
Moria Wase (24 lâminas);4 Salmão, 4 Atum, 4 Peixe Branco, 4 Polvo, 4 Salmão Hara, 4 Haddock;99.9;Combos
Popu (54 peças);10 Ura Philadelphia, 10 Ura Skin, 10 Hossomaki Salmão, 10 Hossomaki Pepino, 10 Hot Philadelphia, 2 Nigiri Salmão, 2 Nigiri Skin;134.9;Combos
Carpaccio de Polvo;10 laminas de polvo,  molho ponzu, azeite, layu, cebolete, flor de sol e raspas de limão siciliano;54.9;Entrada
Salmão Ostra;10 laminas de sashimi maçaricado, molho de ostra e cebolete;54.9;Entrada
Tataki Atum;8 laminas de atum selado no gergilim, molho soiostra, flor de sal e pimenta seirache;49.9;Entrada
Camarão;Camarão e arroz;12.9;Especiais
Ceviche;Salmão, atum, peixe branco, molho verde, cebola roxa, leite de tigre, pimenta dedo-de-moça;54.9;Especiais
Edamame;vagem da soja, azeite trufado, flor de sal e gergelin;29.9;Especiais
Guioza;4 un pastauzinho  japonês de carne suína;24.9;Especiais
Mix;Salmão, skin, cream cheese, gergilim, tarê, arroz e alga;29.9;Especiais
Polvo;Polvo e arroz;14.9;Especiais
Salmão Enjoy castranha defumada;Tartar de salmão, cebolete, arroz, alga, gergelim, tarê, sweet chili e castanha defumada;39.9;Especiais
Salmão Hara;Salmão hara, arroz, azeite trufado, flor de sal, ovos e limão siciliano;14.9;Especiais
Salmão top Umami;Salmão, aspargo, cream cheese, arroz, gergilm, molho gaiotra e crispy de batata;41.9;Especiais
Salmão trufado;Tartar de salmão, flode de sal, azeite trufado, raspas de limão siciliano, arroz e alga;39.9;Especiais
Sunomono;pepino, molho su e gergelin;9.9;Especiais
Tira de Peixe Branco;Lâminas de peixe branco, molho de maracujá, azeite, cebolete, raspas de limão siciliano;0.0;Especiais
Tiradito de peixe branco;15 laminas finas de peixa, molho de maracuja, ceferos, cream chease, castanha degumada, azeite, cebolette, raspa de limão siciliano e flor de sal;34.9;Especiais
Tortado;Salmão, avocado, arroz, alga, gergilim, creme tartago, aspargo e layu;40.9;Especiais
Tuna especial;Tartar de Atum, cebolete, molho kimuchi, arroz e alga;29.9;Especiais
Usuzukuri de salmão;15 laminas finas de salmão, molho ronzo, azeite trufado, flode sal, cebolete e tumpar de limao siciliano;44.9;Especiais
Vegetariano;Auvocado, shimagi na manteiga, aspargo, cream cheese, tarê e crisp de alho poró;39.9;Especiais
Vegetariano;Auvocado, shimagi na manteiga, aspargo, cream cheese, tarê e crisp de alho poró;39.9;Especiais
Atum Shimeji Tamago (2 peças);Atum, Shimeji, Tamago e layu;18.9;Especiarias
Enguia;Enguia, Avocado, Tare, Gergelim, Arroz e Alga;29.9;Especiarias
Hadock;Hadock, Creem Chese, Limão, Cebolete, Arroz e Alga;19.9;Especiarias
Kaibutsu;Camarao, Salmao, Creem Cheese, Sweet Chili, e Crispy de Couve;21.9;Especiarias
Saboroso;Atum, Cream Cheese, Molho Gaiostra, Cebola Roxa e Cebolete;19.9;Especiarias
Salmão Hara (2 peças);Azeite Trufado, flor de sol, ovos, Limão siciliano e cebolete;19.9;Especiarias
Skin;Skin, arroz, tarê e gergelim;7.9;Especiarias
Vieira;Viveira, Azeite Trufado, flor de Sal, Limão Siciliano, arroz e Alga;29.9;Especiarias
polvo;Polvo, Misso, Molho de Açai, Gergelim, Layu, Arroz e alga;24.9;Especiarias
Gunkan Atum (2 peças);Atum, arroz, gergelim, kimuchi, cebollete;9.9;Gunkan
Gunkan Peixe Branco (2 peças);Peixe branco, arroz, crispy de alho, cebollete;9.9;Gunkan
Gunkan Salmão (2 peças);Salmão, arroz, cream cheese, cebollete;10.9;Gunkan
Salmão Brie;Salmão, arroz, queijo brie, mel;12.9;Gunkan
Salmão Mel Picante;Salmão, arroz, cream cheese, sriracha, mel;11.9;Gunkan
Salmão Tostado (2 peças);Salmão, cream cheese, aspargo, creme tamago, layu;26.0;Gunkan
Hossomaki Atum (8 peças);Atum e arroz envoltos em alga;20.9;Hossomaki
Hossomaki Pepino (8 peças);Atum e arroz;18.9;Hossomaki
Hossomaki Salmão (8 peças);Salmão e arroz envoltos em alga;24.9;Hossomaki
Chocolate;Massa Haromaki, ganache, amendoim;19.9;Hot Doce e Rolinho Primavera
Doce de leite;Massa Haromaki, doce de leite, banana;19.9;Hot Doce e Rolinho Primavera
Romeu e Julieta (Rolinho Primavera);Massa Haromaki, goiabada, queijo mussarela;11.9;Hot Doce e Rolinho Primavera
Hot Camarão (10 peças);Camarão, cream cheese, arroz, alga, tarê, cebollete;34.9;Hot Rolls e Kids
Hot Enjoy Cítrico (10 peças);Salmão, arroz, cream cheese, tarê, alga, crocante cítrico;39.9;Hot Rolls e Kids
Hot Philadelphia (10 peças);Salmão, cream cheese, arroz, alga, tarê, gergelim;29.9;Hot Rolls e Kids
Kids Inca de Alcatra;Alcatra, macarrão na manteiga;24.9;Hot Rolls e Kids
Kids Inca de Alcatra;Arroz, Alcatra e Batata frita;24.9;Hot Rolls e Kids
Joe Ebi;Camarão, cream cheese, salmão, tarê, gergelim, cebollete;14.9;Joe
Joe Ebi Alho-Poró (4 peças);Camarão, salmão, cream cheese, tarê, crispy de alho-poró;11.9;Joe
Joe Ebi Crispy de Couve (4 peças);Camarão, salmão, cream cheese, sweet chili, crispy de couve;11.9;Joe
Joe Shimeji (4 peças);Shimeji, salmão, cream cheese, manteiga com mel, tarê, gergelim, cebollete;12.9;Joe
Joe Tardado;Salão, cream chease, aspargo, creme tunga e layu;11.9;Joe
Nigiri Atum (2 peças);Atum e arroz;8.9;Nigiri
Nigiri Peixe Branco (2 peças);Peixe branco, arroz e limão;8.9;Nigiri
Nigiri Salmão (2 peças);Salmão e arroz;9.9;Nigiri
Nigiri Salmão Brie (2 peças);Salmão, arroz e queijo brie;13.9;Nigiri
Nigiri Salmão Tamago (2 peças);Salmão, arroz e creme tamago;12.9;Nigiri
Poke Salmão Trufado;Salmão, avocado, sunomono, alga, edamame, azeite trufado, flor de sal, limão siciliano, chips de batata;54.9;Poke e Yakisoba
Poke Tradicional;Salmão, atum, peixe branco, avocado, cebola roxa, sunomono, alga, edamame, cebollete, gergelim, chips de batata, polvo, aspargo;49.9;Poke e Yakisoba
Yakisoba Alcatra;Alcatra, acelga, cenoura, pimentão, aspargo, macarrão, brócolis;31.9;Poke e Yakisoba
Yakisoba Camarão;Camarão, acelga, cenoura, pimentão, aspargo, macarrão, brócolis;44.9;Poke e Yakisoba
Yakisoba Frango;Frango, cenoura, acelga, pimentão, aspargo, macarrão, brócolis;29.9;Poke e Yakisoba
Yakisoba Salmão;Salmão, acelga, cenoura, pimentão, aspargo, macarrão, brócolis;37.9;Poke e Yakisoba
Yakisoba Vegano;Acelga, cenoura, pimentão, aspargo, macarrão, brócolis;24.9;Poke e Yakisoba
polvo;Polvo, Molho de Açai, Gergelim, Layu, Arroz, Alga e Misso;24.9;Poke e Yakisoba
Polvo ao Açaí Picante;Polvo, arroz tempura, aspargos, tomate confit, cebola, molho de açaí;59.9;Pratos Quentes
Salmão grelhado ao ponto de Endro;Salmão, arroz tempura, aspargos, tomate confit, cebola, molho de maracujá;49.9;Pratos Quentes
Sashimi Atum (5 peças);Sashimi Atum;19.9;Sashimi
Sashimi Haddock (5 peças);Sashimi Haddock;36.9;Sashimi
Sashimi Hara (5 peças);Sashimi Hara;39.9;Sashimi
Sashimi Peixe Branco (5 peças);Sashimi Peixe Branco;18.9;Sashimi
Sashimi Polvo (5 peças);Sashimi Polvo;39.9;Sashimi
Sashimi Salmão (5 peças);Sashimi Salmão;33.9;Sashimi
Temaki Dragon;Camarão crocante, salmão cream cheese, tarê, arroz, alga e gergelim;39.9;Temaki
Temaki Philadelfia;Arroz, alga, cream cheese er cebolete;34.9;Temaki
Temaki Supremo;Salmão, camarão, arroz, cream cheese, tarê, sweet chili, molho maracuja, alho crocante e cebolete;54.9;Temaki
Temaki salmão fit;Salmão, avocado e alga;40.9;Temaki
Uramaki Camarão Crocante (10 peças);Camarão crocante, cream cheese, arroz, alga, gergelim, lâmina de salmão, tarê, crispy de alho-poró;39.9;Uramaki
Uramaki Philadelfia (10 peças);Salmão, cream cheese, arroz, alga, gergelim;34.9;Uramaki
Uramaki Philadelphia (8 peças);Salmão, cream cheese, arroz, alga, gergelim;34.9;Uramaki
Uramaki Philadelphia Crocante Cítrico (10 peças);Salmão, cream cheese, arroz, alga, gergelim, farofa cítrica;37.9;Uramaki
Uramaki Skin Especial (10 peças);Skin grelhado, cream cheese, arroz, alga, gergelim, lâmina de salmão, tarê, crispy de couve;38.9;Uramaki
Uramaki Tuna (10 peças);Tartar de atum, cebolete, molho kimuchi, arroz, alga, gergelim;31.9;Uramaki
