Nome;Descrição;Categoria;Valor;Status
Popu (54 peças);10 Ura Philadelphia, 10 Ura Skin, 10 Hossomaki Salmão, 10 Hossomaki Pepino, 10 Hot Philadelphia, 2 Nigiri Salmão, 2 Nigiri Skin;Combinados;134.90;Ativo
Sem Lactose (24 peças);10 Ura Salmão, 5 Hossomaki Salmão, 2 Gunkan Salmão, 2 Nigiri Salmão, 5 Sashimi Salmão;Combinados;99.90;Ativo
Moriawase (24 lâminas);4 Salmão, 4 Atum, 4 Peixe Branco, 4 Polvo, 4 Salmão Hara, 4 Haddock;Combinados;99.90;Ativo
Edamame;vagem da soja, azeite trufado, flor de sal e gergelin;Entradas;29.90;Ativo
Guioza;4 un pastauzinho japonês de carne suína;Entradas;24.90;Ativo
Salmão Ostra;10 laminas de sashimi maçaricado, molho de ostra e cebolete;Entradas;54.90;Ativo
Sunomono;pepino, molho su e gergelin;Entradas;9.90;Ativo
Tiradito de peixe branco;15 laminas finas de peixa, molho de maracuja, ceferos, cream chease, castanha degumada, azeite, cebolette, raspa de limão siciliano e flor de sal;Entradas;34.90;Ativo
Usuzukuri de salmão;15 laminas finas de salmão, molho ronzo, azeite trufado, flode sal, cebolete e tumpar de limao siciliano;Entradas;44.90;Ativo
Enguia;Enguia, Avocado, Tare, Gergelim, Arroz e Alga;Especiarias (2 peças);29.90;Ativo
Hadock;Hadock, Creem Chese, Limão, Cebolete, Arroz e Alga;Especiarias (2 peças);19.90;Ativo
Kaibutsu;Camarao, Salmao, Creem Cheese, Sweet Chili, e Crispy de Couve;Especiarias (2 peças);21.90;Ativo
Saboroso;Atum, Cream Cheese, Molho Gaiostra, Cebola Roxa e Cebolete;Especiarias (2 peças);19.90;Inativo
Salmão Hara;Azeite Trufado, flor de sol, ovos, Limão siciliano e cebolete;Especiarias (2 peças);19.90;Ativo
Skin;Skin, arroz, tarê e gergelim;Especiarias (2 peças);7.90;Inativo
Vieira;Viveira, Azeite Trufado, flor de Sal, Limão Siciliano, arroz e Alga;Especiarias (2 peças);29.90;Ativo
polvo;Polvo, Misso, Molho de Açai, Gergelim, Layu, Arroz e alga;Especiarias (2 peças);24.90;Inativo
Atum Shimeji Tamago;Atum, Shimeji, Tamago e layu;Especiarias (2 peças);18.90;Inativo
Gunkan Atum;Atum, arroz, gergelim, kimuchi, cebollete;Gunkan e Joe (2 peças);9.90;Inativo
Gunkan Peixe Branco;Peixe branco, arroz, crispy de alho, cebollete;Gunkan e Joe (2 peças);9.90;Ativo
Gunkan Salmão;Salmão, arroz, cream cheese, cebollete;Gunkan e Joe (2 peças);10.90;Ativo
Joe Ebi;Camarão, cream cheese, salmão, tarê, gergelim, cebollete;Gunkan e Joe (2 peças);14.90;Ativo
Joe Ebi Alho-Poró;Camarão, salmão, cream cheese, tarê, crispy de alho-poró;Gunkan e Joe (2 peças);11.90;Ativo
Joe Tartado;Salão, cream chease, aspargo, creme tunga e layu;Gunkan e Joe (2 peças);11.90;Ativo
Salmão Brie;Salmão, arroz, queijo brie, mel;Gunkan e Joe (2 peças);12.90;Ativo
Salmão Mel Picante;Salmão, arroz, cream cheese, sriracha, mel;Gunkan e Joe (2 peças);11.90;Ativo
Salmão Tostado;Salmão, cream cheese, aspargo, creme tamago, layu;Gunkan e Joe (2 peças);26.00;Ativo
Hossomaki Atum;Atum e arroz envoltos em alga;Hossomaki (8 peças);20.90;Inativo
Hossomaki Pepino;Atum e arroz;Hossomaki (8 peças);18.90;Ativo
Hossomaki Salmão;Salmão e arroz envoltos em alga;Hossomaki (8 peças);24.90;Ativo
Batom (Rolinho Primavera);Massa Haromaki, leite condensado;Hot Doce e Rolinho Primavera;11.90;Ativo
Chocolate;Massa Haromaki, ganache, amendoim;Hot Doce e Rolinho Primavera;19.90;Ativo
Doce de leite;Massa Haromaki, doce de leite, banana;Hot Doce e Rolinho Primavera;19.90;Ativo
Romeu e Julieta (Rolinho Primavera);Massa Haromaki, goiabada, queijo mussarela;Hot Doce e Rolinho Primavera;11.90;Ativo
Hot Camarão;Camarão, cream cheese, arroz, alga, tarê, cebollete;Hot Rolls (10 peças);34.90;Ativo
Hot Enjoy Cítrico;Salmão, arroz, cream cheese, tarê, alga, crocante cítrico;Hot Rolls (10 peças);39.90;Ativo
Hot Philadelphia;Salmão, cream cheese, arroz, alga, tarê, gergelim;Hot Rolls (10 peças);29.90;Ativo
Kids Inca de Alcatra;Alcatra, macarrão na manteiga;Kids;24.90;Inativo
Kids Iscas de Alcatra;Arroz, Alcatra e Batata frita;Kids;24.90;Ativo
Camarão;Camarão e arroz;Nigiri;12.90;Ativo
Nigiri Atum (2 peças);Atum e arroz;Nigiri;8.90;Inativo
Nigiri Peixe Branco (2 peças);Peixe branco, arroz e limão;Nigiri;8.90;Ativo
Nigiri Salmão (2 peças);Salmão e arroz;Nigiri;9.90;Ativo
Nigiri Salmão Brie (2 peças);Salmão, arroz e queijo brie;Nigiri;13.90;Ativo
Nigiri Salmão Tamago (2 peças);Salmão, arroz e creme tamago;Nigiri;12.90;Ativo
Polvo;Polvo e arroz;Nigiri;14.90;Ativo
Salmão Hara;Salmão hara, arroz, azeite trufado, flor de sal, ovos e limão siciliano;Nigiri;14.90;Inativo
Poke Salmão Trufado;Salmão, avocado, sunomono, alga, edamame, azeite trufado, flor de sal, limão siciliano, chips de batata;Poke e Yakisoba;54.90;Ativo
Poke Tradicional;Salmão, atum, peixe branco, avocado, cebola roxa, sunomono, alga, edamame, cebollete, gergelim, chips de batata, polvo, aspargo;Poke e Yakisoba;49.90;Ativo
Yakisoba Alcatra;Alcatra, acelga, cenoura, pimentão, aspargo, macarrão, brócolis;Poke e Yakisoba;31.90;Ativo
Yakisoba Camarão;Camarão, acelga, cenoura, pimentão, aspargo, macarrão, brócolis;Poke e Yakisoba;44.90;Ativo
Yakisoba Frango;Frango, cenoura, acelga, pimentão, aspargo, macarrão, brócolis;Poke e Yakisoba;29.90;Ativo
Yakisoba Salmão;Salmão, acelga, cenoura, pimentão, aspargo, macarrão, brócolis;Poke e Yakisoba;37.90;Ativo
Yakisoba Vegano;Acelga, cenoura, pimentão, aspargo, macarrão, brócolis;Poke e Yakisoba;24.90;Ativo
polvo;Polvo, Molho de Açai, Gergelim, Layu, Arroz, Alga e Misso;Poke e Yakisoba;24.90;Inativo
Polvo ao Açaí Picante;Polvo, arroz tempura, aspargos, tomate confit, cebola, molho de açaí;Pratos Quentes;59.90;Ativo
Salmão grelhado ao pesto;Salmão, arroz tempura, aspargos, tomate confit, cebola, molho de maracujá;Pratos Quentes;49.90;Ativo
Sashimi Atum;Sashimi Atum;Sashimi (5 Peças);19.90;Inativo
Sashimi Haddock;Sashimi Haddock;Sashimi (5 Peças);36.90;Inativo
Sashimi Hara;Sashimi Hara;Sashimi (5 Peças);39.90;Ativo
Sashimi Peixe Branco;Sashimi Peixe Branco;Sashimi (5 Peças);18.90;Ativo
Sashimi Polvo;Sashimi Polvo;Sashimi (5 Peças);39.90;Ativo
Sashimi Salmão;Sashimi Salmão;Sashimi (5 Peças);33.90;Ativo
Mix;Salmão, skin, cream cheese, gergilim, tarê, arroz e alga;Temaki;29.90;Ativo
Salmão trufado;Tartar de salmão, flor de sal, azeite trufado, raspas de limão siciliano, arroz e alga;Temaki;39.90;Ativo
Temaki Dragon;Camarão crocante, salmão cream cheese, tarê, arroz, alga e gergelim;Temaki;39.90;Ativo
Temaki Philadelfia;Arroz, alga, cream cheese er cebolete;Temaki;34.90;Ativo
Temaki Supremo;Salmão, camarão, arroz, cream cheese, tarê, sweet chili, molho maracuja, alho crocante e cebolete;Temaki;54.90;Ativo
Temaki salmão fit;Salmão, avocado e alga;Temaki;40.90;Ativo
Salmão Enjoy castranha defumada;Tartar de salmão, cebolete, arroz, alga, gergelim, tarê, sweet chili e castanha defumada;Uramaki;39.90;Ativo
Tostado;Salmão, avocado, arroz, alga, gergilim, creme tostado, aspargo e layu;Uramaki;40.90;Ativo
Tuna especial;Tartar de Atum, cebolete, molho kimuchi, arroz e alga;Uramaki;29.90;Ativo
Umami;Salmão, aspargo, cream cheese, arroz, gergilm, molho gaiotra e crispy de batata;Uramaki;41.90;Ativo
Uramaki Camarão Crocante (10 peças);Camarão crocante, cream cheese, arroz, alga, gergelim, lâmina de salmão, tarê, crispy de alho-poró;Uramaki;39.90;Ativo
Uramaki Philadelfia (10 peças);Salmão, cream cheese, arroz, alga, gergelim;Uramaki;34.90;Ativo
Uramaki Philadelphia (8 peças);Salmão, cream cheese, arroz, alga, gergelim;Uramaki;34.90;Inativo
Uramaki Philadelphia Crocante Cítrico (10 peças);Salmão, cream cheese, arroz, alga, gergelim, farofa cítrica;Uramaki;37.90;Ativo
Uramaki Skin Especial (10 peças);Skin grelhado, cream cheese, arroz, alga, gergelim, lâmina de salmão, tarê, crispy de couve;Uramaki;38.90;Ativo
Uramaki Tuna (10 peças);Tartar of atum, cebolete, molho kimuchi, arroz, alga, gergelim;Uramaki;31.90;Inativo
Vegetariano;Avocado e shimeji na manteiga, aspargo, cream cheese, tarê e crisp de alho poró;Uramaki;39.90;Ativo
Joe Ebi Crispy de Couve (2 peças);Camarão, salmão, cream cheese, sweet chili, crispy de couve;Sem Categoria;11.90;Inativo
Joe Shimeji (2 peças);Shimeji, salmão, cream cheese, manteiga com mel, tarê, gergelim, cebollete;Sem Categoria;12.90;Inativo
